{
  "best_J": 0.9108154899888423,
  "best_params": {
    "Kp": 1.1986917553444187,
    "Ki": 0.8741296032633168,
    "Kd": 0.766186660509198
  },
  "best_metrics": {
    "rms_error_mm": 0.6202289499051903,
    "overshoot_frac": 0.013968993034877872,
    "settling_time_s": 1.0121856525823971,
    "unstable": false
  },
  "all_res": {
    "x": [
      1.1986917553444187,
      0.8741296032633168,
      0.766186660509198
    ],
    "fun": 0.9108154899888423
  }
}